equipment_id,equipment_type,brand,model,year_manufactured,purchase_date,purchase_cost,current_status,operating_hours,last_service_date,next_service_due,location,created_at,updated_at,age,age_group,usage_intensity,usage_category,maintenance_count,total_maintenance_cost,avg_maintenance_cost,std_maintenance_cost,total_downtime,avg_downtime,preventive_count,preventive_ratio,maintenance_frequency,failure_count,total_failure_cost,avg_failure_cost,total_failure_downtime,avg_failure_downtime,critical_failure_count,preventable_failure_count,failure_rate,mtbf,health_score,health_category,will_fail_30d,rul_hours,equipment_type_encoded,brand_encoded,location_encoded,age_group_encoded,usage_category_encoded,health_category_encoded
HRV-001,Harvester,Case IH,S660,2020,2020-12-14,601014.77,Active,1462,2025-08-16,2025-12-14,Serre (Nabeul),2025-10-31 22:36:28,2025-10-31 22:36:28,5,Mid_Age,292.4,Low,13.0,5832.56,448.65846153846155,183.61641011658668,32.6,2.5076923076923077,6.0,0.46153846153846156,2.6,3.0,2423.0699999999997,807.6899999999999,35.0,11.666666666666666,0.0,2.0,2.0519835841313268,487.3333333333333,87.15049233575363,Excellent,1,389.8666666666667,0,3,9,0,1,0
HRV-002,Harvester,Case IH,S660,2019,2020-02-22,1152462.51,Active,1573,2025-09-24,2026-01-08,Hangar Principal,2025-10-31 22:36:28,2025-10-31 22:36:28,6,Mid_Age,262.1666666666667,Low,8.0,2830.35,353.79375,123.70010058172375,29.0,3.625,4.0,0.5,1.3333333333333333,3.0,858.89,286.2966666666667,12.4,4.133333333333334,0.0,3.0,1.9071837253655435,524.3333333333334,86.48841470650561,Excellent,0,419.4666666666667,0,3,5,0,1,0
HRV-003,Harvester,John Deere,TUCANO 450,2013,2014-07-23,777393.12,Active,2552,2025-08-02,2025-10-25,Oliveraie (Sfax),2025-10-31 22:36:28,2025-10-31 22:36:28,12,Old,212.66666666666666,Low,25.0,13589.039999999999,543.5616,269.63459572910887,116.0,4.64,6.0,0.24,2.0833333333333335,11.0,14355.91,1305.0827272727272,188.7,17.154545454545453,1.0,6.0,4.310344827586206,232.0,53.28027586206897,Fair,0,185.60000000000002,0,7,6,2,1,1
HRV-004,Harvester,Case IH,S660,2016,2017-09-27,600243.56,Active,2058,2025-08-25,2025-12-01,Oliveraie (Sfax),2025-10-31 22:36:28,2025-10-31 22:36:28,9,Old,228.66666666666666,Low,23.0,11715.93,509.3882608695652,218.25800711443603,116.7,5.073913043478261,6.0,0.2608695652173913,2.5555555555555554,9.0,11014.539999999999,1223.8377777777778,189.4,21.044444444444444,1.0,5.0,4.373177842565598,228.66666666666666,59.27582093209955,Fair,1,182.93333333333334,0,3,6,2,1,1
HRV-005,Harvester,John Deere,TUCANO 450,2024,2025-08-22,728220.84,Under Maintenance,247,2025-10-24,2026-02-08,Parcelle Est (Jendouba),2025-10-31 22:36:28,2025-10-31 22:36:28,1,New,247.0,Low,0.0,0.0,0.0,0.0,0.0,0.0,0.0,0.0,0.0,0.0,0.0,0.0,0.0,0.0,0.0,0.0,0.0,10000.0,100.0,Excellent,0,4753.0,0,7,7,1,1,0
HRV-006,Harvester,New Holland,S660,2016,2017-02-27,1171199.8,Active,2011,2025-08-11,2025-10-22,Parcelle Est (Jendouba),2025-10-31 22:36:28,2025-10-31 22:36:28,9,Old,223.44444444444446,Low,25.0,11889.130000000001,475.56520000000006,333.56194323693467,85.5,3.42,14.0,0.56,2.7777777777777777,9.0,4010.58,445.62,54.9,6.1,0.0,4.0,4.475385380407758,223.44444444444446,68.24651754240566,Good,0,178.7555555555556,0,13,7,2,1,2
HRV-007,Harvester,New Holland,TC5.80,2019,2019-08-20,1109842.62,Active,1243,2025-08-22,2025-11-26,Parcelle Ouest (Siliana),2025-10-31 22:36:28,2025-10-31 22:36:28,6,Mid_Age,207.16666666666666,Low,14.0,5486.43,391.8878571428572,206.75319125724502,70.4,5.028571428571429,9.0,0.6428571428571429,2.3333333333333335,9.0,11566.08,1285.12,142.9,15.877777777777778,1.0,5.0,7.240547063555913,138.11111111111111,67.78096825396825,Good,0,110.4888888888889,0,13,8,0,1,2
HRV-008,Harvester,CLAAS,TUCANO 450,2020,2021-04-05,993634.81,Active,1002,2025-08-13,2025-12-07,Champ Sud (Kairouan),2025-10-31 22:36:28,2025-10-31 22:36:28,5,Mid_Age,200.4,Low,6.0,1816.04,302.67333333333335,207.39595701620286,20.5,3.4166666666666665,4.0,0.6666666666666666,1.2,4.0,2351.6800000000003,587.9200000000001,29.8,7.45,0.0,0.0,3.992015968063872,250.5,80.29042015968064,Excellent,0,200.4,0,2,3,0,1,0
HRV-009,Harvester,CLAAS,Axial-Flow 6140,2015,2015-12-17,878729.93,Under Maintenance,2557,2025-10-30,2026-01-27,Parcelle Est (Jendouba),2025-10-31 22:36:28,2025-10-31 22:36:28,10,Old,255.7,Low,31.0,19065.04,615.0012903225806,341.0591529509403,151.3,4.880645161290323,7.0,0.22580645161290322,3.1,8.0,3458.41,432.30125,49.0,6.125,0.0,6.0,3.128666405944466,319.625,68.06338974447122,Good,1,255.70000000000002,0,2,7,2,1,2
HRV-010,Harvester,CLAAS,S660,2013,2014-10-27,1031564.38,Active,3005,2025-08-27,2025-11-23,Parcelle Est (Jendouba),2025-10-31 22:36:28,2025-10-31 22:36:28,12,Old,250.41666666666666,Low,28.0,12309.47,439.62392857142856,184.48035419522236,123.3,4.4035714285714285,10.0,0.35714285714285715,2.3333333333333335,9.0,5831.8,647.9777777777778,136.79999999999998,15.199999999999998,1.0,7.0,2.995008319467554,333.8888888888889,61.71599014869397,Good,1,267.11111111111114,0,2,7,2,1,2
HRV-011,Harvester,CLAAS,TUCANO 450,2014,2015-04-27,982596.86,Active,3042,2025-08-22,2025-11-05,Hangar Principal,2025-10-31 22:36:28,2025-10-31 22:36:28,11,Old,276.54545454545456,Low,31.0,17049.21,549.9745161290323,282.88870571114137,127.5,4.112903225806452,9.0,0.2903225806451613,2.8181818181818183,10.0,21122.170000000002,2112.217,142.3,14.23,2.0,4.0,3.287310979618672,304.2,56.22248381158406,Fair,0,243.36,0,2,5,2,1,1
HRV-012,Harvester,CLAAS,TC5.80,2021,2022-04-09,801508.52,Active,1157,2025-09-22,2025-12-05,Dépôt Matériel,2025-10-31 22:36:28,2025-10-31 22:36:28,4,Mid_Age,289.25,Low,8.0,3456.2599999999998,432.03249999999997,236.37348895037152,39.6,4.95,4.0,0.5,2.0,2.0,751.4100000000001,375.70500000000004,6.8,3.4,0.0,2.0,1.7286084701815039,578.5,91.43545764909248,Excellent,0,462.8,0,2,4,0,1,0
HRV-013,Harvester,Case IH,Axial-Flow 6140,2019,2019-07-14,798528.83,Active,1479,2025-08-09,2025-11-03,Dépôt Matériel,2025-10-31 22:36:28,2025-10-31 22:36:28,6,Mid_Age,246.5,Low,12.0,6135.76,511.31333333333333,270.3702458526534,43.1,3.591666666666667,3.0,0.25,2.0,9.0,6917.92,768.6577777777778,54.6,6.066666666666666,0.0,6.0,6.085192697768763,164.33333333333334,66.91433333333333,Good,0,131.46666666666667,0,3,4,0,1,2
HRV-014,Harvester,New Holland,TUCANO 450,2016,2017-01-12,779167.59,Under Maintenance,2150,2025-10-24,2026-01-18,Champ Céréales (Manouba),2025-10-31 22:36:28,2025-10-31 22:36:28,9,Old,238.88888888888889,Low,28.0,12521.34,447.1907142857143,267.62261743439,116.4,4.1571428571428575,11.0,0.39285714285714285,3.111111111111111,8.0,7809.64,976.205,114.50000000000001,14.312500000000002,1.0,6.0,3.72093023255814,268.75,64.55695598006643,Good,0,215.0,0,13,1,2,1,2
HRV-015,Harvester,Case IH,TUCANO 450,2014,2014-05-14,891385.2,Active,2627,2025-08-11,2025-11-04,Serre (Nabeul),2025-10-31 22:36:28,2025-10-31 22:36:28,11,Old,238.8181818181818,Low,38.0,19464.79,512.2313157894737,276.03194648809347,178.4,4.6947368421052635,15.0,0.39473684210526316,3.4545454545454546,12.0,14725.81,1227.1508333333334,199.7,16.641666666666666,2.0,9.0,4.567948229920061,218.91666666666666,51.3002281486453,Fair,1,175.13333333333333,0,3,9,2,1,1
IRR-001,Irrigation System,Reinke,UniRam,2019,2019-10-18,42157.32,Active,10629,2025-09-30,2025-12-04,Oliveraie (Sfax),2025-10-31 22:36:28,2025-10-31 22:36:28,6,Mid_Age,1771.5,High,21.0,13424.220000000001,639.2485714285715,387.24600195851883,95.5,4.5476190476190474,7.0,0.3333333333333333,3.5,8.0,6275.18,784.3975,45.8,5.725,0.0,3.0,0.7526578229372471,1328.625,90.56533588531377,Excellent,0,1062.9,1,14,6,0,0,0
IRR-002,Irrigation System,Netafim,RPM,2018,2019-03-02,60812.51,Active,12055,2025-09-10,2025-12-27,Dépôt Matériel,2025-10-31 22:36:28,2025-10-31 22:36:28,7,Mid_Age,1722.142857142857,High,25.0,13179.9,527.196,321.22090664629326,114.1,4.564,8.0,0.32,3.5714285714285716,8.0,8798.39,1099.79875,99.0,12.375,0.0,5.0,0.6636250518457071,1506.875,88.98874974077145,Excellent,0,1205.5,1,12,4,0,0,0
IRR-003,Irrigation System,Irritec,UniRam,2022,2023-02-16,41550.66,Retired,5637,2025-02-04,0,Parcelle Ouest (Siliana),2025-10-31 22:36:28,2025-10-31 22:36:28,3,New,1879.0,High,9.0,5387.26,598.5844444444444,475.7676968624265,33.6,3.7333333333333334,5.0,0.5555555555555556,3.0,2.0,1017.74,508.87,14.7,7.35,0.0,1.0,0.35479865176512326,2818.5,100.0,Excellent,1,2254.8,1,6,8,1,0,0
IRR-004,Irrigation System,Valley,Pivot 8000,2022,2022-04-07,107138.31,Active,5819,2025-09-01,2025-12-12,Champ Sud (Kairouan),2025-10-31 22:36:28,2025-10-31 22:36:28,3,New,1939.6666666666667,High,15.0,7204.25,480.28333333333336,242.1627999527433,61.199999999999996,4.08,7.0,0.4666666666666667,5.0,5.0,6525.92,1305.184,69.2,13.84,1.0,3.0,0.8592541673827118,1163.8,92.86752916308643,Excellent,0,931.04,1,16,3,1,0,0
IRR-005,Irrigation System,Rivulis,RPM,2014,2015-12-09,101351.85,Active,17645,2025-08-15,2025-11-28,Champ Sud (Kairouan),2025-10-31 22:36:28,2025-10-31 22:36:28,11,Old,1604.090909090909,High,48.0,22791.02,474.8129166666667,244.66171553981746,199.8,4.1625000000000005,21.0,0.4375,4.363636363636363,17.0,18284.66,1075.5682352941176,224.20000000000002,13.188235294117648,2.0,13.0,0.9634457353357891,1037.9411764705883,70.78321249979163,Good,1,830.3529411764707,1,15,3,2,0,2
IRR-006,Irrigation System,Reinke,Drip System Pro,2012,2012-10-01,114310.97,Under Maintenance,24779,2025-10-27,2026-01-20,Serre (Nabeul),2025-10-31 22:36:28,2025-10-31 22:36:28,13,Very_Old,1906.076923076923,High,72.0,36217.82,503.0252777777778,267.2404770354202,288.9,4.012499999999999,34.0,0.4722222222222222,5.538461538461538,25.0,37004.29,1480.1716000000001,484.8,19.392,4.0,15.0,1.008918842568304,991.16,57.02989912049181,Fair,0,792.928,1,14,9,3,0,1
IRR-007,Irrigation System,Reinke,Pivot 8000,2018,2018-02-23,101798.47,Active,14764,2025-09-24,2026-01-12,Verger (Cap Bon),2025-10-31 22:36:28,2025-10-31 22:36:28,7,Mid_Age,2109.1428571428573,High,25.0,16058.93,642.3572,319.733030583329,127.7,5.1080000000000005,4.0,0.16,3.5714285714285716,13.0,7064.6900000000005,543.4376923076924,66.8,5.138461538461538,0.0,8.0,0.8805201842319155,1135.6923076923076,85.13309138653274,Excellent,0,908.5538461538462,1,14,10,0,0,0
IRR-008,Irrigation System,Valley,Drip System Pro,2013,2014-11-12,45516.54,Active,23510,2025-09-05,2025-12-26,Zone Irrigation (Bizerte),2025-10-31 22:36:28,2025-10-31 22:36:28,12,Old,1959.1666666666667,High,58.0,28334.04,488.5179310344828,300.9116137629099,233.3,4.022413793103448,26.0,0.4482758620689655,4.833333333333333,16.0,14560.84,910.0525,163.4,10.2125,1.0,12.0,0.680561463207146,1469.375,75.79070561499874,Good,0,1175.5,1,16,11,2,0,2
IRR-009,Irrigation System,Valley,UniRam,2016,2017-11-27,76779.15,Active,14338,2025-08-29,2025-12-08,Hangar Principal,2025-10-31 22:36:28,2025-10-31 22:36:28,9,Old,1593.111111111111,High,23.0,14860.99,646.13,258.40197735311546,118.2,5.139130434782609,4.0,0.17391304347826086,2.5555555555555554,12.0,10303.52,858.6266666666667,92.8,7.733333333333333,0.0,5.0,0.836936811270749,1194.8333333333333,81.6188449291535,Excellent,0,955.8666666666667,1,16,5,2,0,0
IRR-010,Irrigation System,Rivulis,T-Tape,2020,2021-08-14,106058.77,Active,9592,2025-09-16,2026-01-07,Champ Sud (Kairouan),2025-10-31 22:36:28,2025-10-31 22:36:28,5,Mid_Age,1918.4,High,17.0,9124.99,536.7641176470588,346.2568346267483,72.7,4.276470588235294,4.0,0.23529411764705882,3.4,4.0,1333.7,333.425,20.1,5.025,0.0,4.0,0.4170141784820684,2398.0,93.84234087229554,Excellent,1,1918.4,1,15,3,0,0,0
IRR-011,Irrigation System,Irritec,UniRam,2016,2016-08-19,88826.54,Active,15844,2025-08-08,2025-10-27,Parcelle Est (Jendouba),2025-10-31 22:36:28,2025-10-31 22:36:28,9,Old,1760.4444444444443,High,32.0,16153.99,504.8121875,241.62419651231494,134.5,4.203125,11.0,0.34375,3.5555555555555554,10.0,8865.33,886.533,112.80000000000001,11.280000000000001,0.0,8.0,0.6311537490532694,1584.4,85.58488125473366,Excellent,1,1267.5200000000002,1,6,7,2,0,0
IRR-012,Irrigation System,Netafim,RPM,2011,2012-05-11,62372.68,Under Maintenance,26896,2025-10-26,2025-12-25,Champ Céréales (Manouba),2025-10-31 22:36:28,2025-10-31 22:36:28,14,Very_Old,1921.142857142857,High,52.0,27417.45,527.2586538461538,365.6960582877151,227.7,4.378846153846154,17.0,0.3269230769230769,3.7142857142857144,14.0,18033.08,1288.077142857143,114.80000000000001,8.200000000000001,1.0,12.0,0.520523497917906,1921.142857142857,71.22237152139948,Good,0,1536.9142857142858,1,12,1,3,0,2
IRR-013,Irrigation System,Reinke,Pivot 8000,2018,2018-12-14,79086.23,Active,14287,2025-08-21,2025-12-04,Zone Irrigation (Bizerte),2025-10-31 22:36:28,2025-10-31 22:36:28,7,Mid_Age,2041.0,High,21.0,9226.68,439.3657142857143,249.27428978078404,85.3,4.061904761904762,8.0,0.38095238095238093,3.0,9.0,12745.24,1416.1377777777777,263.9,29.32222222222222,2.0,7.0,0.6299433051025408,1587.4444444444443,80.15201363321745,Excellent,0,1269.9555555555555,1,14,11,0,0,0
IRR-014,Irrigation System,Netafim,Pivot 8000,2011,2011-05-08,72352.09,Active,23240,2025-09-08,2025-12-07,Champ Céréales (Manouba),2025-10-31 22:36:28,2025-10-31 22:36:28,14,Very_Old,1660.0,High,49.0,25539.510000000002,521.2144897959184,291.990108109142,177.2,3.6163265306122447,22.0,0.4489795918367347,3.5,23.0,19910.24,865.6626086956522,262.7,11.421739130434782,1.0,13.0,0.9896729776247848,1010.4347826086956,69.7967637720358,Good,0,808.3478260869565,1,12,1,3,0,2
IRR-015,Irrigation System,Rivulis,Drip System Pro,2024,2025-12-18,66463.3,Active,2000,2025-09-15,2025-11-28,Champ Sud (Kairouan),2025-10-31 22:36:28,2025-10-31 22:36:28,1,New,2000.0,High,0.0,0.0,0.0,0.0,0.0,0.0,0.0,0.0,0.0,0.0,0.0,0.0,0.0,0.0,0.0,0.0,0.0,10000.0,100.0,Excellent,0,3000.0,1,15,3,1,0,0
IRR-016,Irrigation System,Reinke,Drip System Pro,2014,2014-12-18,116070.2,Active,21897,2025-08-15,2025-11-13,Hangar Principal,2025-10-31 22:36:28,2025-10-31 22:36:28,11,Old,1990.6363636363637,High,41.0,19861.41,484.4246341463415,273.60954521998644,181.5,4.426829268292683,15.0,0.36585365853658536,3.727272727272727,21.0,36432.47,1734.8795238095238,424.6,20.219047619047622,4.0,18.0,0.9590354843129195,1042.7142857142858,59.73534174219846,Fair,1,834.1714285714287,1,14,5,2,0,1
IRR-017,Irrigation System,Rivulis,T-Tape,2017,2018-02-27,55529.41,Active,13186,2025-10-01,2026-01-14,Champ Céréales (Manouba),2025-10-31 22:36:28,2025-10-31 22:36:28,8,Old,1648.25,High,39.0,18863.04,483.66769230769233,323.5971328060926,171.3,4.392307692307693,17.0,0.4358974358974359,4.875,8.0,11672.33,1459.04125,139.1,17.3875,1.0,2.0,0.6067040800849386,1648.25,84.15319113803685,Excellent,0,1318.6000000000001,1,15,1,2,0,0
IRR-018,Irrigation System,Reinke,Drip System Pro,2019,2019-01-18,63370.93,Active,13071,2025-08-14,2025-11-13,Champ Sud (Kairouan),2025-10-31 22:36:28,2025-10-31 22:36:28,6,Mid_Age,2178.5,High,18.0,9595.68,533.0933333333334,306.96717594212305,98.2,5.455555555555556,4.0,0.2222222222222222,3.0,9.0,10138.619999999999,1126.5133333333333,112.9,12.544444444444444,1.0,7.0,0.6885471654808355,1452.3333333333333,84.34293083926248,Excellent,0,1161.8666666666666,1,14,3,0,0,0
IRR-019,Irrigation System,Valley,T-Tape,2017,2018-08-16,75237.5,Active,12931,2025-08-02,2025-11-25,Zone Irrigation (Bizerte),2025-10-31 22:36:28,2025-10-31 22:36:28,8,Old,1616.375,High,26.0,11663.86,448.61,219.65580742607287,93.0,3.576923076923077,13.0,0.5,3.25,9.0,23602.11,2622.456666666667,267.9,29.766666666666666,2.0,7.0,0.6960018560049493,1436.7777777777778,79.45676849775303,Good,0,1149.4222222222222,1,16,11,2,0,2
IRR-020,Irrigation System,Valley,Pivot 8000,2024,2025-08-03,86161.69,Active,1987,2025-08-11,2025-11-15,Hangar Principal,2025-10-31 22:36:28,2025-10-31 22:36:28,1,New,1987.0,High,0.0,0.0,0.0,0.0,0.0,0.0,0.0,0.0,0.0,0.0,0.0,0.0,0.0,0.0,0.0,0.0,0.0,10000.0,100.0,Excellent,0,3013.0,1,16,5,1,0,0
PLT-001,Planter,Massey Ferguson,SP 8,2018,2018-09-25,57889.57,Active,1017,2025-08-13,2025-11-14,Dépôt Matériel,2025-10-31 22:36:28,2025-10-31 22:36:28,7,Mid_Age,145.28571428571428,Low,12.0,5232.9,436.075,198.8038431812533,52.0,4.333333333333333,5.0,0.4166666666666667,1.7142857142857142,7.0,4743.89,677.6985714285714,70.3,10.042857142857143,0.0,3.0,6.88298918387414,145.28571428571428,67.39528571428572,Good,1,116.22857142857143,2,10,4,0,1,2
PLT-002,Planter,Amazone,ED 602-K,2016,2017-10-14,51795.91,Active,1320,2025-08-15,2025-10-20,Parcelle Ouest (Siliana),2025-10-31 22:36:28,2025-10-31 22:36:28,9,Old,146.66666666666666,Low,12.0,8267.0,688.9166666666666,339.5928947841501,69.9,5.825,2.0,0.16666666666666666,1.3333333333333333,6.0,3970.71,661.785,57.1,9.516666666666667,0.0,1.0,4.545454545454545,220.0,61.99272727272727,Good,1,176.0,2,0,8,2,1,2
PLT-003,Planter,Gaspardo,NG Plus,2012,2012-03-08,44559.75,Active,1510,2025-09-03,2025-12-16,Verger (Cap Bon),2025-10-31 22:36:28,2025-10-31 22:36:28,13,Very_Old,116.15384615384616,Low,34.0,15176.5,446.36764705882354,242.5840776840291,145.6,4.2823529411764705,15.0,0.4411764705882353,2.6153846153846154,5.0,2693.9,538.78,40.4,8.08,0.0,2.0,3.3112582781456954,302.0,64.36335566809505,Good,0,241.60000000000002,2,5,10,3,1,2
PLT-004,Planter,Amazone,NG Plus,2020,2020-04-10,73882.57,Active,756,2025-08-19,2025-11-01,Hangar Principal,2025-10-31 22:36:28,2025-10-31 22:36:28,5,Mid_Age,151.2,Low,10.0,5468.77,546.8770000000001,257.33233432664457,42.1,4.21,2.0,0.2,2.0,4.0,8048.28,2012.07,87.7,21.925,1.0,1.0,5.291005291005291,189.0,63.189,Good,1,151.20000000000002,2,0,5,0,1,2
PLT-005,Planter,Gaspardo,ED 602-K,2021,2021-09-08,70619.91,Active,651,2025-09-27,2025-11-29,Parcelle Est (Jendouba),2025-10-31 22:36:28,2025-10-31 22:36:28,4,Mid_Age,162.75,Low,7.0,3337.8900000000003,476.8414285714286,132.8605195218619,34.3,4.8999999999999995,2.0,0.2857142857142857,1.75,1.0,878.69,878.69,23.1,23.1,0.0,1.0,1.5360983102918586,651.0,89.25622273425499,Excellent,0,520.8000000000001,2,5,7,0,1,0
PLT-006,Planter,Monosem,NG Plus,2020,2021-02-15,72877.29,Under Maintenance,755,2025-10-26,2026-01-28,Zone Irrigation (Bizerte),2025-10-31 22:36:28,2025-10-31 22:36:28,5,Mid_Age,151.0,Low,6.0,2413.24,402.20666666666665,163.2745781396071,20.5,3.4166666666666665,1.0,0.16666666666666666,1.2,4.0,5100.549999999999,1275.1374999999998,74.10000000000001,18.525000000000002,1.0,3.0,5.298013245033113,188.75,62.68875,Good,0,151.0,2,11,11,0,1,2
PLT-007,Planter,Amazone,MF 500,2014,2014-07-24,52727.69,Active,1386,2025-08-19,2025-12-10,Verger (Cap Bon),2025-10-31 22:36:28,2025-10-31 22:36:28,11,Old,126.0,Low,28.0,16995.93,606.9975000000001,423.87160453438673,130.3,4.653571428571429,7.0,0.25,2.5454545454545454,6.0,18589.21,3098.2016666666664,109.0,18.166666666666668,2.0,3.0,4.329004329004329,231.0,50.33597835497836,Fair,0,184.8,2,0,10,2,1,1
PLT-008,Planter,Massey Ferguson,NG Plus,2016,2016-03-16,63543.01,Active,1230,2025-08-25,2025-11-20,Oliveraie (Sfax),2025-10-31 22:36:28,2025-10-31 22:36:28,9,Old,136.66666666666666,Low,15.0,8062.4400000000005,537.496,318.0935943083419,59.9,3.993333333333333,5.0,0.3333333333333333,1.6666666666666667,4.0,9654.67,2413.6675,145.5,36.375,1.0,1.0,3.252032520325203,307.5,66.047337398374,Good,0,246.0,2,10,6,2,1,2
PLT-009,Planter,Amazone,MF 500,2020,2021-06-14,53331.96,Under Maintenance,747,2025-10-28,2026-01-22,Serre (Nabeul),2025-10-31 22:36:28,2025-10-31 22:36:28,5,Mid_Age,149.4,Low,5.0,1837.61,367.522,87.35788098391582,18.6,3.72,2.0,0.4,1.0,1.0,9407.14,9407.14,26.8,26.8,1.0,1.0,1.3386880856760375,747.0,85.05355957161981,Excellent,0,597.6,2,0,9,0,1,0
PLT-010,Planter,Amazone,NG Plus,2015,2016-09-02,60015.42,Active,1296,2025-08-13,2025-11-06,Champ Céréales (Manouba),2025-10-31 22:36:28,2025-10-31 22:36:28,10,Old,129.6,Low,17.0,7582.91,446.0535294117647,264.02606864524705,64.0,3.764705882352941,9.0,0.5294117647058824,1.7,1.0,251.03,251.03,2.6,2.6,0.0,0.0,0.7716049382716049,1296.0,85.37915177923021,Excellent,0,1036.8,2,0,1,2,1,0
PLT-011,Planter,Massey Ferguson,ED 602-K,2017,2018-01-07,63514.17,Active,1174,2025-09-03,2025-12-20,Champ Nord (Béja),2025-10-31 22:36:28,2025-10-31 22:36:28,8,Old,146.75,Low,19.0,9814.56,516.5557894736842,290.9031345332782,80.9,4.257894736842106,6.0,0.3157894736842105,2.375,5.0,11074.35,2214.87,81.30000000000001,16.26,1.0,2.0,4.258943781942079,234.8,62.67692319555277,Good,0,187.84000000000003,2,10,2,2,1,2
PLT-012,Planter,Gaspardo,NG Plus,2014,2014-05-15,83446.56,Active,1530,2025-08-22,2025-11-28,Parcelle Ouest (Siliana),2025-10-31 22:36:28,2025-10-31 22:36:28,11,Old,139.0909090909091,Low,34.0,13651.94,401.52764705882356,207.51640057944198,132.7,3.9029411764705877,16.0,0.47058823529411764,3.090909090909091,4.0,8863.81,2215.9525,110.80000000000001,27.700000000000003,1.0,3.0,2.6143790849673203,382.5,67.36942810457516,Good,0,306.0,2,5,8,2,1,2
SPR-001,Sprayer,Kuhn,UX 5201,2020,2020-09-14,134913.47,Under Maintenance,1256,2025-10-27,2026-02-24,Champ Sud (Kairouan),2025-10-31 22:36:28,2025-10-31 22:36:28,5,Mid_Age,251.2,Low,9.0,5284.71,587.19,533.9750745587288,25.0,2.7777777777777777,6.0,0.6666666666666666,1.8,5.0,3989.19,797.838,52.5,10.5,0.0,2.0,3.9808917197452227,251.2,80.34674140127389,Excellent,0,200.96,3,8,3,0,1,0
SPR-002,Sprayer,Kuhn,Boxer 2000,2019,2020-09-23,163747.98,Retired,1428,2025-03-03,0,Zone Irrigation (Bizerte),2025-10-31 22:36:28,2025-10-31 22:36:28,6,Mid_Age,238.0,Low,11.0,5044.48,458.5890909090909,188.31895323915467,69.2,6.290909090909091,3.0,0.2727272727272727,1.8333333333333333,2.0,7471.900000000001,3735.9500000000003,74.7,37.35,1.0,2.0,1.4005602240896358,714.0,80.80210797046091,Excellent,0,571.2,3,8,11,0,1,0
SPR-003,Sprayer,Kuhn,Boxer 2000,2019,2019-10-17,239406.81,Active,1076,2025-08-13,2025-12-01,Dépôt Matériel,2025-10-31 22:36:28,2025-10-31 22:36:28,6,Mid_Age,179.33333333333334,Low,15.0,8537.63,569.1753333333332,462.59668938143807,60.7,4.046666666666667,8.0,0.5333333333333333,2.5,6.0,15557.89,2592.9816666666666,160.7,26.78333333333333,2.0,6.0,5.5762081784386615,179.33333333333334,61.17933333333333,Good,0,143.46666666666667,3,8,4,0,1,2
SPR-004,Sprayer,Amazone,UX 5201,2023,2023-05-24,167768.94,Retired,434,2024-12-30,0,Parcelle Est (Jendouba),2025-10-31 22:36:28,2025-10-31 22:36:28,2,New,217.0,Low,4.0,1665.25,416.3125,148.98674580310825,13.4,3.35,3.0,0.75,2.0,1.0,348.56,348.56,3.0,3.0,0.0,0.0,2.304147465437788,434.0,96.16326267281106,Excellent,0,347.20000000000005,3,0,7,1,1,0
SPR-005,Sprayer,Berthoud,Boxer 2000,2016,2017-06-18,242059.63,Under Maintenance,1797,2025-10-24,2026-01-04,Serre (Nabeul),2025-10-31 22:36:28,2025-10-31 22:36:28,9,Old,199.66666666666666,Low,19.0,9676.06,509.26631578947365,370.6234770582992,64.9,3.4157894736842107,8.0,0.42105263157894735,2.111111111111111,8.0,16977.73,2122.21625,157.0,19.625,2.0,2.0,4.451864218141347,224.625,56.281093382977474,Fair,1,179.70000000000002,3,1,9,2,1,1
SPR-006,Sprayer,Kuhn,Boxer 2000,2016,2016-07-02,170908.21,Under Maintenance,1869,2025-10-27,2026-01-19,Oliveraie (Sfax),2025-10-31 22:36:28,2025-10-31 22:36:28,9,Old,207.66666666666666,Low,21.0,9749.53,464.2633333333334,275.3571509936383,107.1,5.1,8.0,0.38095238095238093,2.3333333333333335,9.0,5616.22,624.0244444444445,70.9,7.877777777777778,0.0,8.0,4.815409309791332,207.66666666666666,63.844905831995725,Good,1,166.13333333333333,3,8,6,2,1,2
SPR-007,Sprayer,Kuhn,Boxer 2000,2017,2017-03-17,274456.57,Active,1567,2025-08-08,2025-11-04,Champ Sud (Kairouan),2025-10-31 22:36:28,2025-10-31 22:36:28,8,Old,195.875,Low,21.0,8727.25,415.5833333333333,274.7789115877223,79.6,3.7904761904761903,12.0,0.5714285714285714,2.625,7.0,2425.1800000000003,346.45428571428573,30.0,4.285714285714286,0.0,5.0,4.4671346522016595,223.85714285714286,70.45961245327742,Good,1,179.0857142857143,3,8,3,2,1,2
SPR-008,Sprayer,Berthoud,Commander 4400,2018,2018-07-28,224765.01,Active,1266,2025-09-15,2025-12-05,Verger (Cap Bon),2025-10-31 22:36:28,2025-10-31 22:36:28,7,Mid_Age,180.85714285714286,Low,25.0,14586.3,583.452,332.18617725355966,108.0,4.32,9.0,0.36,3.5714285714285716,2.0,2944.9700000000003,1472.4850000000001,25.9,12.95,0.0,1.0,1.5797788309636651,633.0,84.13410584518168,Excellent,0,506.40000000000003,3,1,10,0,1,0
TRC-001,Tractor,Deutz-Fahr,TD5.85,2016,2016-12-09,109387.02,Active,5006,2025-08-15,2025-12-10,Champ Céréales (Manouba),2025-10-31 22:36:28,2025-10-31 22:36:28,9,Old,556.2222222222222,Medium,25.0,10393.3,415.73199999999997,180.2975099430568,86.6,3.464,14.0,0.56,2.7777777777777777,2.0,1630.8000000000002,815.4000000000001,9.7,4.85,0.0,2.0,0.3995205753096284,2503.0,90.90539712345186,Excellent,0,2002.4,4,4,1,2,2,0
TRC-002,Tractor,New Holland,Powerfarm 95,2018,2019-01-01,91243.43,Active,4063,2025-08-27,2025-11-07,Serre (Nabeul),2025-10-31 22:36:28,2025-10-31 22:36:28,7,Mid_Age,580.4285714285714,Medium,22.0,11433.210000000001,519.6913636363637,284.1889258137882,85.0,3.8636363636363638,8.0,0.36363636363636365,3.142857142857143,5.0,1522.3700000000001,304.47400000000005,25.3,5.0600000000000005,0.0,3.0,1.2306177701206005,812.6,86.11405660394246,Excellent,0,650.08,4,13,9,0,2,0
TRC-003,Tractor,Deutz-Fahr,Agrofarm 420,2015,2016-04-15,150711.88,Active,7304,2025-08-11,2025-10-20,Serre (Nabeul),2025-10-31 22:36:28,2025-10-31 22:36:28,10,Old,730.4,Medium,28.0,13663.6,487.9857142857143,230.47723609660488,120.8,4.314285714285714,6.0,0.21428571428571427,2.8,11.0,16138.24,1467.1127272727272,130.2,11.836363636363636,1.0,6.0,1.5060240963855422,664.0,71.348165232358,Good,0,531.2,4,4,9,2,2,2
TRC-004,Tractor,Case IH,5075E,2011,2012-03-07,194865.57,Active,8505,2025-09-25,2025-12-16,Atelier Mécanique,2025-10-31 22:36:28,2025-10-31 22:36:28,14,Very_Old,607.5,Medium,43.0,19021.68,442.3646511627907,227.1987007984823,201.9,4.695348837209303,17.0,0.3953488372093023,3.0714285714285716,13.0,9604.949999999999,738.8423076923076,125.1,9.623076923076923,0.0,7.0,1.5285126396237507,654.2307692307693,70.94190012925155,Good,0,523.3846153846155,4,3,0,3,2,2
TRC-005,Tractor,Landini,5075E,2018,2018-12-15,144347.37,Active,5411,2025-08-27,2025-11-13,Oliveraie (Sfax),2025-10-31 22:36:28,2025-10-31 22:36:28,7,Mid_Age,773.0,Medium,24.0,13898.070000000002,579.0862500000001,534.06918774071,91.5,3.8125,9.0,0.375,3.4285714285714284,5.0,2116.98,423.396,32.9,6.58,0.0,5.0,0.9240436148586213,1082.2,88.0869819257069,Excellent,1,865.7600000000001,4,9,6,0,2,0
TRC-006,Tractor,Landini,5075E,2018,2018-12-03,85498.93,Active,4054,2025-09-26,2026-01-18,Parcelle Ouest (Siliana),2025-10-31 22:36:28,2025-10-31 22:36:28,7,Mid_Age,579.1428571428571,Medium,23.0,10974.77,477.16391304347826,221.22940376120337,103.4,4.495652173913044,9.0,0.391304347826087,3.2857142857142856,7.0,12654.77,1807.8242857142857,122.9,17.557142857142857,1.0,5.0,1.726689689195856,579.1428571428571,78.81525962855487,Good,0,463.3142857142857,4,9,8,0,2,2
TRC-007,Tractor,New Holland,Farmall 75C,2011,2012-08-21,180093.25,Active,7872,2025-08-20,2025-11-05,Serre (Nabeul),2025-10-31 22:36:28,2025-10-31 22:36:28,14,Very_Old,562.2857142857143,Medium,37.0,17656.32,477.1978378378378,311.1054518713616,133.3,3.602702702702703,14.0,0.3783783783783784,2.642857142857143,17.0,16024.439999999999,942.6141176470587,166.7,9.805882352941175,1.0,11.0,2.1595528455284554,463.05882352941177,62.34097027156281,Good,1,370.44705882352946,4,13,9,3,2,2
TRC-008,Tractor,Deutz-Fahr,Agrofarm 420,2014,2014-10-21,100536.64,Active,7805,2025-09-07,2025-11-23,Oliveraie (Sfax),2025-10-31 22:36:28,2025-10-31 22:36:28,11,Old,709.5454545454545,Medium,42.0,18319.37,436.17547619047616,209.33776104894983,174.2,4.147619047619047,16.0,0.38095238095238093,3.8181818181818183,10.0,14940.06,1494.0059999999999,230.8,23.080000000000002,2.0,7.0,1.2812299807815501,780.5,68.08863581037797,Good,0,624.4000000000001,4,4,6,2,2,2
TRC-009,Tractor,Deutz-Fahr,Powerfarm 95,2019,2019-11-11,181142.23,Active,4330,2025-09-29,2026-01-18,Atelier Mécanique,2025-10-31 22:36:28,2025-10-31 22:36:28,6,Mid_Age,721.6666666666666,Medium,16.0,7835.98,489.74875,319.53952625353463,61.9,3.86875,7.0,0.4375,2.6666666666666665,8.0,5550.8099999999995,693.8512499999999,65.7,8.2125,0.0,7.0,1.8475750577367205,541.25,85.86587471131641,Excellent,0,433.0,4,4,0,0,2,0
TRC-010,Tractor,Case IH,5075E,2015,2015-04-19,185164.12,Active,6018,2025-09-06,2025-12-31,Oliveraie (Sfax),2025-10-31 22:36:28,2025-10-31 22:36:28,10,Old,601.8,Medium,36.0,19191.5,533.0972222222222,292.6869204224015,159.0,4.416666666666667,12.0,0.3333333333333333,3.6,5.0,1985.68,397.136,23.099999999999998,4.619999999999999,0.0,3.0,0.8308408109006314,1203.6,82.04939594549684,Excellent,0,962.88,4,3,6,2,2,0
TRC-011,Tractor,Case IH,MF 5710,2019,2020-03-08,169398.68,Active,3960,2025-09-04,2025-12-30,Verger (Cap Bon),2025-10-31 22:36:28,2025-10-31 22:36:28,6,Mid_Age,660.0,Medium,19.0,8159.2,429.4315789473684,232.86075665902328,80.3,4.226315789473684,10.0,0.5263157894736842,3.1666666666666665,8.0,14490.009999999998,1811.2512499999998,153.8,19.225,1.0,3.0,2.0202020202020203,495.0,81.28872674109516,Excellent,1,396.0,4,3,10,0,2,0
TRC-012,Tractor,Case IH,5075E,2019,2019-03-17,139221.9,Under Maintenance,4299,2025-10-29,2026-02-06,Parcelle Est (Jendouba),2025-10-31 22:36:28,2025-10-31 22:36:28,6,Mid_Age,716.5,Medium,14.0,7440.56,531.4685714285714,187.82175518527967,75.2,5.371428571428572,4.0,0.2857142857142857,2.3333333333333335,6.0,4373.610000000001,728.9350000000001,55.9,9.316666666666666,0.0,6.0,1.3956734124214933,716.5,86.02384722360682,Excellent,0,573.2,4,3,7,0,2,0
TRC-013,Tractor,Deutz-Fahr,Farmall 75C,2017,2017-07-13,151506.61,Active,5133,2025-08-27,2025-12-20,Champ Nord (Béja),2025-10-31 22:36:28,2025-10-31 22:36:28,8,Old,641.625,Medium,28.0,10890.71,388.95392857142855,241.4654550760953,116.5,4.160714285714286,15.0,0.5357142857142857,3.5,8.0,7109.95,888.74375,72.1,9.0125,0.0,5.0,1.5585427625170465,641.625,84.88462547312906,Excellent,0,513.3000000000001,4,4,2,2,2,0
TRC-014,Tractor,Deutz-Fahr,Agrofarm 420,2024,2024-11-18,170105.34,Active,719,2025-09-13,2025-12-09,Parcelle Est (Jendouba),2025-10-31 22:36:28,2025-10-31 22:36:28,1,New,719.0,Medium,0.0,0.0,0.0,0.0,0.0,0.0,0.0,0.0,0.0,0.0,0.0,0.0,0.0,0.0,0.0,0.0,0.0,10000.0,100.0,Excellent,0,4281.0,4,4,7,1,2,0
TRC-015,Tractor,Case IH,TD5.85,2024,2025-09-25,101438.23,Under Maintenance,757,2025-10-28,2026-02-18,Oliveraie (Sfax),2025-10-31 22:36:28,2025-10-31 22:36:28,1,New,757.0,Medium,0.0,0.0,0.0,0.0,0.0,0.0,0.0,0.0,0.0,0.0,0.0,0.0,0.0,0.0,0.0,0.0,0.0,10000.0,100.0,Excellent,0,4243.0,4,3,6,1,2,0
TRC-016,Tractor,Landini,Powerfarm 95,2020,2020-03-12,171501.3,Active,3301,2025-08-29,2025-12-25,Champ Nord (Béja),2025-10-31 22:36:28,2025-10-31 22:36:28,5,Mid_Age,660.2,Medium,15.0,9936.64,662.4426666666666,305.3687000161015,84.0,5.6,1.0,0.06666666666666667,3.0,4.0,5811.4800000000005,1452.8700000000001,117.9,29.475,1.0,0.0,1.2117540139351712,825.25,80.76647993032414,Excellent,0,660.2,4,9,2,0,2,0
TRC-017,Tractor,Landini,5075E,2022,2023-01-04,191491.83,Active,2245,2025-09-12,2025-11-26,Champ Nord (Béja),2025-10-31 22:36:28,2025-10-31 22:36:28,3,New,748.3333333333334,Medium,3.0,2026.62,675.54,280.08502262705883,19.1,6.366666666666667,0.0,0.0,1.0,3.0,1930.34,643.4466666666666,22.6,7.533333333333334,0.0,2.0,1.3363028953229399,748.3333333333334,88.06681885671864,Excellent,1,598.6666666666667,4,9,2,1,2,0
TRC-018,Tractor,Massey Ferguson,Powerfarm 95,2016,2016-02-24,138318.86,Active,4841,2025-08-13,2025-10-20,Parcelle Est (Jendouba),2025-10-31 22:36:28,2025-10-31 22:36:28,9,Old,537.8888888888889,Medium,29.0,11951.38,412.1165517241379,215.62510070019778,113.8,3.924137931034483,13.0,0.4482758620689655,3.2222222222222223,6.0,5340.43,890.0716666666667,33.9,5.6499999999999995,0.0,4.0,1.2394133443503408,806.8333333333334,83.3339045426161,Excellent,0,645.4666666666667,4,10,7,2,2,0
TRC-019,Tractor,Deutz-Fahr,Farmall 75C,2021,2021-05-17,184691.96,Active,2520,2025-08-28,2025-12-14,Serre (Nabeul),2025-10-31 22:36:28,2025-10-31 22:36:28,4,Mid_Age,630.0,Medium,10.0,4307.0,430.7,305.2386798701778,28.200000000000003,2.8200000000000003,6.0,0.6,2.5,3.0,2473.22,824.4066666666666,19.3,6.433333333333334,0.0,0.0,1.1904761904761907,840.0,95.88761904761905,Excellent,1,672.0,4,4,9,0,2,0
TRC-020,Tractor,Deutz-Fahr,MF 5710,2023,2024-07-22,157985.37,Active,1267,2025-09-24,2025-12-08,Parcelle Ouest (Siliana),2025-10-31 22:36:28,2025-10-31 22:36:28,2,New,633.5,Medium,2.0,653.77,326.885,51.82385599316204,4.8,2.4,0.0,0.0,1.0,0.0,0.0,0.0,0.0,0.0,0.0,0.0,0.0,10000.0,100.0,Excellent,0,3733.0,4,4,8,1,2,0
TRC-021,Tractor,New Holland,5075E,2012,2012-10-18,107613.77,Active,7504,2025-08-22,2025-10-24,Parcelle Ouest (Siliana),2025-10-31 22:36:28,2025-10-31 22:36:28,13,Very_Old,577.2307692307693,Medium,46.0,24882.58,540.9256521739131,282.81670139000056,202.0,4.391304347826087,15.0,0.32608695652173914,3.5384615384615383,13.0,9820.81,755.446923076923,150.1,11.546153846153846,1.0,5.0,1.732409381663113,577.2307692307693,65.8064882087413,Good,0,461.78461538461545,4,13,8,3,2,2
TRC-022,Tractor,New Holland,TD5.85,2018,2019-02-17,108560.56,Active,4857,2025-09-23,2026-01-07,Verger (Cap Bon),2025-10-31 22:36:28,2025-10-31 22:36:28,7,Mid_Age,693.8571428571429,Medium,18.0,9951.5,552.8611111111111,328.58379939099586,86.4,4.800000000000001,5.0,0.2777777777777778,2.5714285714285716,6.0,9253.119999999999,1542.1866666666665,84.0,14.0,1.0,2.0,1.2353304508956147,809.5,79.7995144121886,Good,1,647.6,4,13,10,0,2,2
TRC-023,Tractor,Landini,Farmall 75C,2017,2017-08-26,128847.2,Active,4356,2025-09-09,2025-12-05,Dépôt Matériel,2025-10-31 22:36:28,2025-10-31 22:36:28,8,Old,544.5,Medium,29.0,14765.77,509.1644827586207,285.477038626154,130.5,4.5,9.0,0.3103448275862069,3.625,4.0,1394.83,348.7075,17.9,4.475,0.0,0.0,0.9182736455463728,1089.0,85.15280418606125,Excellent,1,871.2,4,9,4,2,2,0
TRC-024,Tractor,Case IH,Agrofarm 420,2023,2023-11-21,198099.83,Active,1091,2025-09-10,2025-12-30,Champ Sud (Kairouan),2025-10-31 22:36:28,2025-10-31 22:36:28,2,New,545.5,Medium,5.0,3529.48,705.896,221.10165157682562,37.7,7.540000000000001,0.0,0.0,2.5,0.0,0.0,0.0,0.0,0.0,0.0,0.0,0.0,10000.0,100.0,Excellent,0,3909.0,4,3,3,1,2,0
TRC-025,Tractor,Massey Ferguson,MF 5710,2020,2020-09-15,96821.88,Active,2838,2025-08-07,2025-12-04,Champ Sud (Kairouan),2025-10-31 22:36:28,2025-10-31 22:36:28,5,Mid_Age,567.6,Medium,10.0,3980.9700000000003,398.09700000000004,175.65244382966418,32.8,3.28,5.0,0.5,2.0,4.0,2588.58,647.145,32.6,8.15,0.0,2.0,1.4094432699083863,709.5,91.16228365045808,Excellent,1,567.6,4,10,3,0,2,0
TRC-026,Tractor,Case IH,Powerfarm 95,2017,2017-01-21,199913.9,Retired,5898,2025-03-05,0,Parcelle Est (Jendouba),2025-10-31 22:36:28,2025-10-31 22:36:28,8,Old,737.25,Medium,32.0,15499.43,484.3571875,296.61952846370076,123.5,3.859375,16.0,0.5,4.0,7.0,4933.85,704.8357142857143,52.3,7.471428571428571,0.0,4.0,1.186842997626314,842.5714285714286,86.40835644043986,Excellent,0,674.0571428571429,4,3,7,2,2,0
TRC-027,Tractor,Case IH,Farmall 75C,2022,2023-04-28,128124.84,Active,1605,2025-09-07,2025-11-22,Zone Irrigation (Bizerte),2025-10-31 22:36:28,2025-10-31 22:36:28,3,New,535.0,Medium,5.0,2468.62,493.724,358.6442648084589,22.8,4.5600000000000005,3.0,0.6,1.6666666666666667,2.0,682.25,341.125,8.4,4.2,0.0,1.0,1.2461059190031154,802.5,97.57197040498441,Excellent,0,642.0,4,3,11,1,2,0
TRC-028,Tractor,John Deere,Farmall 75C,2016,2017-03-07,115604.94,Active,6946,2025-08-28,2025-10-30,Serre (Nabeul),2025-10-31 22:36:28,2025-10-31 22:36:28,9,Old,771.7777777777778,Medium,32.0,14824.52,463.26625,271.8298858424084,119.1,3.721875,13.0,0.40625,3.5555555555555554,5.0,6506.44,1301.288,122.20000000000002,24.440000000000005,1.0,1.0,0.7198387561186294,1389.2,80.88375621940686,Excellent,1,1111.3600000000001,4,7,9,2,2,0
TRC-029,Tractor,John Deere,TD5.85,2020,2020-10-16,140342.05,Active,3708,2025-08-30,2025-11-03,Parcelle Est (Jendouba),2025-10-31 22:36:28,2025-10-31 22:36:28,5,Mid_Age,741.6,Medium,13.0,5742.58,441.73692307692306,211.1473786791513,51.8,3.9846153846153842,4.0,0.3076923076923077,2.6,3.0,11317.439999999999,3772.4799999999996,87.2,29.066666666666666,1.0,3.0,0.8090614886731392,1236.0,86.80607717201892,Excellent,0,988.8000000000001,4,7,7,0,2,0
TRC-030,Tractor,New Holland,Powerfarm 95,2019,2019-11-28,108224.47,Under Maintenance,3307,2025-10-29,2026-02-03,Verger (Cap Bon),2025-10-31 22:36:28,2025-10-31 22:36:28,6,Mid_Age,551.1666666666666,Medium,18.0,9630.97,535.0538888888889,347.2361481612611,77.0,4.277777777777778,7.0,0.3888888888888889,3.0,4.0,1558.48,389.62,16.1,4.025,0.0,2.0,1.2095554883580284,826.75,88.61230589154319,Excellent,0,661.4000000000001,4,13,10,0,2,0
TRC-031,Tractor,New Holland,Powerfarm 95,2020,2020-07-22,150040.67,Under Maintenance,3279,2025-10-29,2026-02-08,Serre (Nabeul),2025-10-31 22:36:28,2025-10-31 22:36:28,5,Mid_Age,655.8,Medium,10.0,5395.35,539.5350000000001,290.62219989571037,36.2,3.62,4.0,0.4,2.0,3.0,7767.400000000001,2589.1333333333337,72.0,24.0,1.0,2.0,0.9149130832570906,1093.0,87.51843458371455,Excellent,0,874.4000000000001,4,13,9,0,2,0
TRC-032,Tractor,John Deere,MF 5710,2010,2011-07-05,160602.83,Active,8969,2025-08-14,2025-12-11,Champ Sud (Kairouan),2025-10-31 22:36:28,2025-10-31 22:36:28,15,Very_Old,597.9333333333333,Medium,49.0,23703.6,483.74693877551016,261.5601547063639,197.3,4.0265306122448985,20.0,0.40816326530612246,3.2666666666666666,14.0,9727.87,694.8478571428572,92.5,6.607142857142857,0.0,8.0,1.5609320994536737,640.6428571428571,68.95843133946632,Good,0,512.5142857142857,4,7,3,3,2,2
TRC-033,Tractor,New Holland,Farmall 75C,2018,2018-02-18,105578.52,Under Maintenance,4122,2025-10-30,2026-02-23,Parcelle Ouest (Siliana),2025-10-31 22:36:28,2025-10-31 22:36:28,7,Mid_Age,588.8571428571429,Medium,27.0,13258.07,491.03962962962964,356.99962107803077,86.0,3.185185185185185,13.0,0.48148148148148145,3.857142857142857,7.0,9322.75,1331.8214285714287,135.9,19.414285714285715,2.0,5.0,1.698204754973314,588.8571428571429,75.3200555902128,Good,0,471.08571428571435,4,13,8,0,2,2
TRC-034,Tractor,John Deere,5075E,2022,2022-08-27,145186.16,Retired,1795,2024-11-18,0,Champ Céréales (Manouba),2025-10-31 22:36:28,2025-10-31 22:36:28,3,New,598.3333333333334,Medium,8.0,4614.62,576.8275,172.6251026895319,41.5,5.1875,0.0,0.0,2.6666666666666665,2.0,1121.12,560.56,26.799999999999997,13.399999999999999,0.0,1.0,1.1142061281337048,897.5,89.32646935933147,Excellent,0,718.0,4,7,1,1,2,0
TRC-035,Tractor,New Holland,Agrofarm 420,2014,2015-11-04,192671.6,Active,6104,2025-09-25,2026-01-10,Champ Céréales (Manouba),2025-10-31 22:36:28,2025-10-31 22:36:28,11,Old,554.9090909090909,Medium,25.0,12574.98,502.9992,281.8736887762555,97.8,3.912,10.0,0.4,2.272727272727273,12.0,12511.84,1042.6533333333334,158.79999999999998,13.233333333333333,1.0,9.0,1.965923984272608,508.6666666666667,69.67904674530362,Good,0,406.9333333333334,4,13,1,2,2,2
TRC-036,Tractor,Massey Ferguson,5075E,2022,2023-10-07,166113.46,Active,1718,2025-09-15,2025-12-16,Zone Irrigation (Bizerte),2025-10-31 22:36:28,2025-10-31 22:36:28,3,New,572.6666666666666,Medium,3.0,797.79,265.93,164.00613982409317,18.8,6.266666666666667,2.0,0.6666666666666666,1.0,1.0,205.2,205.2,4.7,4.7,0.0,0.0,0.5820721769499417,1718.0,100.0,Excellent,0,1374.4,4,10,11,1,2,0
TRC-037,Tractor,John Deere,TD5.85,2017,2017-11-14,179521.77,Active,4251,2025-09-23,2026-01-01,Hangar Principal,2025-10-31 22:36:28,2025-10-31 22:36:28,8,Old,531.375,Medium,29.0,14255.2,491.5586206896552,291.7385830637243,103.2,3.5586206896551724,12.0,0.41379310344827586,3.625,5.0,4513.41,902.682,88.10000000000001,17.62,1.0,3.0,1.1761938367442955,850.2,80.17612736800267,Excellent,0,680.1600000000001,4,7,5,2,2,0
TRC-038,Tractor,Massey Ferguson,Agrofarm 420,2024,2025-09-23,131322.43,Active,522,2025-08-06,2025-11-18,Parcelle Est (Jendouba),2025-10-31 22:36:28,2025-10-31 22:36:28,1,New,522.0,Medium,0.0,0.0,0.0,0.0,0.0,0.0,0.0,0.0,0.0,0.0,0.0,0.0,0.0,0.0,0.0,0.0,0.0,10000.0,100.0,Excellent,0,4478.0,4,10,7,1,2,0
TRC-039,Tractor,Landini,TD5.85,2023,2024-10-18,97771.25,Active,1106,2025-08-05,2025-12-02,Champ Nord (Béja),2025-10-31 22:36:28,2025-10-31 22:36:28,2,New,553.0,Medium,1.0,475.0,475.0,0.0,6.0,6.0,0.0,0.0,0.5,0.0,0.0,0.0,0.0,0.0,0.0,0.0,0.0,10000.0,100.0,Excellent,0,3894.0,4,9,2,1,2,0
TRC-040,Tractor,John Deere,MF 5710,2017,2017-11-04,122441.44,Under Maintenance,5324,2025-10-26,2026-02-10,Parcelle Est (Jendouba),2025-10-31 22:36:28,2025-10-31 22:36:28,8,Old,665.5,Medium,26.0,13458.15,517.6211538461538,318.5992541149703,120.1,4.619230769230769,10.0,0.38461538461538464,3.25,6.0,3682.06,613.6766666666666,68.2,11.366666666666667,0.0,3.0,1.1269722013523666,887.3333333333334,85.02170309580227,Excellent,1,709.8666666666668,4,7,7,2,2,0
TRC-041,Tractor,Massey Ferguson,MF 5710,2015,2015-07-01,101523.28,Active,7603,2025-09-05,2025-12-25,Oliveraie (Sfax),2025-10-31 22:36:28,2025-10-31 22:36:28,10,Old,760.3,Medium,27.0,17237.98,638.4437037037037,387.43506957889235,163.8,6.066666666666667,5.0,0.18518518518518517,2.7,12.0,11763.93,980.3275,153.2,12.766666666666666,1.0,8.0,1.5783243456530316,633.5833333333334,70.51973938284594,Good,0,506.86666666666673,4,10,6,2,2,2
TRC-042,Tractor,Deutz-Fahr,MF 5710,2017,2018-03-26,164153.38,Active,4955,2025-09-01,2025-11-14,Parcelle Ouest (Siliana),2025-10-31 22:36:28,2025-10-31 22:36:28,8,Old,619.375,Medium,23.0,10526.19,457.6604347826087,188.96567967558795,86.6,3.7652173913043474,11.0,0.4782608695652174,2.875,5.0,3537.48,707.496,43.2,8.64,0.0,3.0,1.0090817356205852,991.0,87.11950436537533,Excellent,1,792.8000000000001,4,4,8,2,2,0
TRC-043,Tractor,Case IH,5075E,2018,2019-04-08,82839.73,Active,3991,2025-08-07,2025-10-10,Hangar Principal,2025-10-31 22:36:28,2025-10-31 22:36:28,7,Mid_Age,570.1428571428571,Medium,22.0,10561.539999999999,480.06999999999994,241.35020021300403,56.5,2.5681818181818183,12.0,0.5454545454545454,3.142857142857143,8.0,4256.0,532.0,75.5,9.4375,0.0,6.0,2.0045101478326233,498.875,84.65814244265508,Excellent,0,399.1,4,3,5,0,2,0
TRC-044,Tractor,John Deere,Agrofarm 420,2019,2020-11-27,144345.89,Active,4585,2025-09-15,2025-11-25,Verger (Cap Bon),2025-10-31 22:36:28,2025-10-31 22:36:28,6,Mid_Age,764.1666666666666,Medium,11.0,5329.32,484.4836363636363,275.86554704321907,40.9,3.7181818181818183,6.0,0.5454545454545454,1.8333333333333333,4.0,1729.06,432.265,28.799999999999997,7.199999999999999,0.0,1.0,0.8724100327153762,1146.25,92.9660180182413,Excellent,1,917.0,4,7,10,0,2,0
TRC-045,Tractor,John Deere,TD5.85,2023,2023-10-14,121482.45,Active,1448,2025-08-30,2025-11-05,Dépôt Matériel,2025-10-31 22:36:28,2025-10-31 22:36:28,2,New,724.0,Medium,3.0,1169.11,389.7033333333333,293.8448996210983,8.6,2.8666666666666667,2.0,0.6666666666666666,1.5,1.0,448.73,448.73,2.5,2.5,0.0,1.0,0.6906077348066298,1448.0,100.0,Excellent,0,1158.4,4,7,4,1,2,0
